{
  "LinearRegression": {
    "y_true": [
      17,
      33,
      34,
      13,
      46,
      16,
      29,
      20,
      21,
      48,
      19,
      40,
      115,
      12,
      96,
      21,
      84,
      22,
      102,
      21,
      21
    ],
    "y_pred": [
      34.23396285695794,
      4.876808666988129,
      61.459633663387024,
      12.285899860755315,
      70.720997655596,
      26.824871663190756,
      23.399536651406088,
      32.75454528373969,
      54.05054246961983,
      27.10408224828968,
      29.04999968685609,
      21.547263852964292,
      83.40769665958965,
      14.13817265919711,
      74.14633266738066,
      27.197726888414294,
      66.73724147361348,
      36.45909088062328,
      64.88496867517168,
      57.75508806650342,
      23.120326066307157
    ],
    "mse": 452.09350734446554,
    "mae": 18.06548224210636,
    "r2": 0.526939507659414,
    "cv_mse_mean": 383.9751760059039,
    "cv_mse_std": 66.74068641977809
  },
  "RandomForest": {
    "y_true": [
      17,
      33,
      34,
      13,
      46,
      16,
      29,
      20,
      21,
      48,
      19,
      40,
      115,
      12,
      96,
      21,
      84,
      22,
      102,
      21,
      21
    ],
    "y_pred": [
      20.53,
      30.15,
      27.67,
      15.22,
      46.74,
      14.44,
      38.98,
      25.49,
      23.0,
      47.1,
      22.39,
      34.69,
      102.6,
      13.73,
      82.42,
      23.93,
      85.05,
      23.89,
      92.82,
      26.83,
      16.81
    ],
    "mse": 34.90699047619047,
    "mae": 4.622857142857143,
    "r2": 0.9634741091554475,
    "cv_mse_mean": 21.859072857142856,
    "cv_mse_std": 6.99880759801617
  }
}